{
  "objective": "regression",
  "boosting_type": "gbdt",
  "n_jobs": -1,
  "random_state": 42,
  "verbosity": -1,
  "max_depth": 7,
  "learning_rate": 0.04455501103689463,
  "n_estimators": 778,
  "num_leaves": 137,
  "subsample": 0.6107477315840231,
  "colsample_bytree": 0.998156079789871,
  "min_child_samples": 42,
  "lambda_l1": 0.5288775857760482,
  "lambda_l2": 3.0721020268308865,
  "min_split_gain": 0.7340074750267226,
  "bagging_freq": 4
}