{
  "objective": "regression",
  "boosting_type": "gbdt",
  "n_jobs": -1,
  "random_state": 42,
  "verbosity": -1,
  "max_depth": 3,
  "learning_rate": 0.04518891329021958,
  "n_estimators": 654,
  "num_leaves": 16,
  "subsample": 0.9991412885824403,
  "colsample_bytree": 0.8469736121046235,
  "min_child_samples": 5,
  "lambda_l1": 1.5102997059395151,
  "lambda_l2": 2.005282048838645,
  "min_split_gain": 0.7854258356217663,
  "bagging_freq": 0
}